iv,jv,id,q,l,s,tf,td,tc,tw,r,co,cf
1,1,1,360,500,18,0.083333333,0.005,0.016666667,9,3,0.2,28.41951675
2,1,1,360,500,18,0.083333333,0.005,0.016666667,9,3,0.2,28.41951675
3,1,1,360,500,18,0.083333333,0.005,0.016666667,9,3,0.2,28.41951675
