i,x,y,q,co,cf
1,37.43935167,541.2090699,150,0,0
